<?xml version="1.0" encoding="UTF-8"?><record_update table="sys_ws_operation">
    <sys_ws_operation action="INSERT_OR_UPDATE">
        <active>true</active>
        <consumes>application/json,application/xml,text/xml</consumes>
        <consumes_customized>true</consumes_customized>
        <default_operation_uri/>
        <enforce_acl>cf9d01d3e73003009d6247e603f6a990</enforce_acl>
        <http_method>POST</http_method>
        <name>presence</name>
        <operation_script><![CDATA[(function process(/*RESTAPIRequest*/ request, /*RESTAPIResponse*/ response) {

    // SDK
    const { recordPresence } = require('./src/mysrapi.js');
    recordPresence(request, response);

})(request, response);]]></operation_script>
        <operation_uri>/api/x_snc_sndp_twitch/sammi</operation_uri>
        <produces>application/json,application/xml,text/xml</produces>
        <produces_customized>false</produces_customized>
        <relative_path>/</relative_path>
        <request_example/>
        <requires_acl_authorization>true</requires_acl_authorization>
        <requires_authentication>false</requires_authentication>
        <requires_snc_internal_role>true</requires_snc_internal_role>
        <short_description/>
        <sys_class_name>sys_ws_operation</sys_class_name>
        <sys_created_by>earl.duque</sys_created_by>
        <sys_created_on>2024-03-22 21:06:27</sys_created_on>
        <sys_id>115645eec341c650c9bcbe2bb0013181</sys_id>
        <sys_mod_count>33</sys_mod_count>
        <sys_name>presence</sys_name>
        <sys_package display_value="sndp-twitch" source="x_snc_sndp_twitch">a6e509aec341c650c9bcbe2bb001319c</sys_package>
        <sys_policy/>
        <sys_scope display_value="sndp-twitch">a6e509aec341c650c9bcbe2bb001319c</sys_scope>
        <sys_update_name>sys_ws_operation_115645eec341c650c9bcbe2bb0013181</sys_update_name>
        <sys_updated_by>earl.duque</sys_updated_by>
        <sys_updated_on>2024-03-26 00:10:39</sys_updated_on>
        <web_service_definition display_value="SAMMI">791601eec341c650c9bcbe2bb001316e</web_service_definition>
        <web_service_version/>
    </sys_ws_operation>
</record_update>
