<?xml version="1.0" encoding="UTF-8"?><record_update table="sys_ws_definition">
    <sys_ws_definition action="INSERT_OR_UPDATE">
        <active>true</active>
        <base_uri>/api/x_snc_sndp_twitch/sammi</base_uri>
        <consumes>application/json,application/xml,text/xml</consumes>
        <consumes_customized>false</consumes_customized>
        <default_version>No active default version</default_version>
        <doc_link/>
        <enforce_acl>cf9d01d3e73003009d6247e603f6a990</enforce_acl>
        <is_versioned>false</is_versioned>
        <name>SAMMI</name>
        <namespace>x_snc_sndp_twitch</namespace>
        <produces>application/json,application/xml,text/xml</produces>
        <produces_customized>false</produces_customized>
        <service_id>sammi</service_id>
        <short_description/>
        <sys_class_name>sys_ws_definition</sys_class_name>
        <sys_created_by>earl.duque</sys_created_by>
        <sys_created_on>2024-03-22 21:01:42</sys_created_on>
        <sys_id>791601eec341c650c9bcbe2bb001316e</sys_id>
        <sys_mod_count>0</sys_mod_count>
        <sys_name>SAMMI</sys_name>
        <sys_package display_value="servicenowdevprogram twitch" source="x_snc_sndp_twitch">a6e509aec341c650c9bcbe2bb001319c</sys_package>
        <sys_policy/>
        <sys_scope display_value="servicenowdevprogram twitch">a6e509aec341c650c9bcbe2bb001319c</sys_scope>
        <sys_update_name>sys_ws_definition_791601eec341c650c9bcbe2bb001316e</sys_update_name>
        <sys_updated_by>earl.duque</sys_updated_by>
        <sys_updated_on>2024-03-22 21:01:42</sys_updated_on>
    </sys_ws_definition>
</record_update>
