<?xml version="1.0" encoding="UTF-8"?><record_update table="sys_scope_privilege">
    <sys_scope_privilege action="INSERT_OR_UPDATE">
        <operation>execute</operation>
        <source_scope display_value="sndp-twitch">a6e509aec341c650c9bcbe2bb001319c</source_scope>
        <status>allowed</status>
        <sys_class_name>sys_scope_privilege</sys_class_name>
        <sys_created_by>guest</sys_created_by>
        <sys_created_on>2024-03-27 04:58:31</sys_created_on>
        <sys_id>10a99b3fc30d4210c9bcbe2bb00131e1</sys_id>
        <sys_mod_count>0</sys_mod_count>
        <sys_name>GlideRecord.update</sys_name>
        <sys_package display_value="sndp-twitch" source="x_snc_sndp_twitch">a6e509aec341c650c9bcbe2bb001319c</sys_package>
        <sys_policy/>
        <sys_scope display_value="sndp-twitch">a6e509aec341c650c9bcbe2bb001319c</sys_scope>
        <sys_update_name>sys_scope_privilege_10a99b3fc30d4210c9bcbe2bb00131e1</sys_update_name>
        <sys_updated_by>guest</sys_updated_by>
        <sys_updated_on>2024-03-27 04:58:31</sys_updated_on>
        <target_name>GlideRecord.update</target_name>
        <target_scope display_value="Global">global</target_scope>
        <target_type>scriptable</target_type>
    </sys_scope_privilege>
</record_update>
