<?xml version="1.0" encoding="UTF-8"?><record_update table="sys_user_role">
    <sys_user_role action="INSERT_OR_UPDATE">
        <assignable_by/>
        <can_delegate>true</can_delegate>
        <description/>
        <elevated_privilege>false</elevated_privilege>
        <grantable>true</grantable>
        <includes_roles/>
        <name>x_snc_sndp_twitch.presence_user</name>
        <scoped_admin>false</scoped_admin>
        <suffix>presence_user</suffix>
        <sys_class_name>sys_user_role</sys_class_name>
        <sys_created_by>earl.duque</sys_created_by>
        <sys_created_on>2024-03-22 21:19:21</sys_created_on>
        <sys_id>c32a89a2c381c650c9bcbe2bb00131e8</sys_id>
        <sys_mod_count>0</sys_mod_count>
        <sys_name>x_snc_sndp_twitch.presence_user</sys_name>
        <sys_package display_value="servicenowdevprogram twitch" source="x_snc_sndp_twitch">a6e509aec341c650c9bcbe2bb001319c</sys_package>
        <sys_policy/>
        <sys_scope display_value="servicenowdevprogram twitch">a6e509aec341c650c9bcbe2bb001319c</sys_scope>
        <sys_update_name>sys_user_role_c32a89a2c381c650c9bcbe2bb00131e8</sys_update_name>
        <sys_updated_by>earl.duque</sys_updated_by>
        <sys_updated_on>2024-03-22 21:19:21</sys_updated_on>
    </sys_user_role>
</record_update>
