<?xml version="1.0" encoding="UTF-8"?><record_update sys_domain="global" table="sys_app_application">
    <sys_app_application action="INSERT_OR_UPDATE">
        <active>true</active>
        <category display_value="Custom Applications">e0355b31ef303000a61d5a3615c0fb78</category>
        <description/>
        <device_type>browser</device_type>
        <hint/>
        <name>Twitch</name>
        <order>100</order>
        <roles>x_snc_sndp_twitch.presence_user</roles>
        <sys_class_name>sys_app_application</sys_class_name>
        <sys_created_by>earl.duque</sys_created_by>
        <sys_created_on>2024-03-22 21:19:21</sys_created_on>
        <sys_domain>global</sys_domain>
        <sys_domain_path>/</sys_domain_path>
        <sys_id>4b2ac1e2c381c650c9bcbe2bb001317e</sys_id>
        <sys_mod_count>0</sys_mod_count>
        <sys_name>Twitch</sys_name>
        <sys_overrides/>
        <sys_package display_value="servicenowdevprogram twitch" source="x_snc_sndp_twitch">a6e509aec341c650c9bcbe2bb001319c</sys_package>
        <sys_policy/>
        <sys_scope display_value="servicenowdevprogram twitch">a6e509aec341c650c9bcbe2bb001319c</sys_scope>
        <sys_update_name>sys_app_application_4b2ac1e2c381c650c9bcbe2bb001317e</sys_update_name>
        <sys_updated_by>earl.duque</sys_updated_by>
        <sys_updated_on>2024-03-22 21:19:21</sys_updated_on>
        <title>Twitch</title>
        <view_name/>
    </sys_app_application>
</record_update>
