<?xml version="1.0" encoding="UTF-8"?><record_update>
    <sys_ui_section caption="" section_id="bf969f3bc30d4210c9bcbe2bb0013107" sys_domain="global" table="x_snc_sndp_twitch_presence" version="3" view="">
        <sys_ui_element action="INSERT_OR_UPDATE">
            <element>.begin_split</element>
            <position>0</position>
            <sys_created_by>earl.duque</sys_created_by>
            <sys_created_on>2024-03-27 04:45:23</sys_created_on>
            <sys_id>f796137bc30d4210c9bcbe2bb0013125</sys_id>
            <sys_mod_count>0</sys_mod_count>
            <sys_ui_formatter/>
            <sys_ui_section caption="NULL" display_value="" name="x_snc_sndp_twitch_presence" sys_domain="global" view="Default view">bf969f3bc30d4210c9bcbe2bb0013107</sys_ui_section>
            <sys_updated_by>earl.duque</sys_updated_by>
            <sys_updated_on>2024-03-27 04:45:23</sys_updated_on>
            <sys_user/>
            <type>.begin_split</type>
        </sys_ui_element>
        <sys_ui_element action="INSERT_OR_UPDATE">
            <element>user_id</element>
            <position>1</position>
            <sys_created_by>earl.duque</sys_created_by>
            <sys_created_on>2024-03-27 04:45:23</sys_created_on>
            <sys_id>b396137bc30d4210c9bcbe2bb0013126</sys_id>
            <sys_mod_count>0</sys_mod_count>
            <sys_ui_formatter/>
            <sys_ui_section caption="NULL" display_value="" name="x_snc_sndp_twitch_presence" sys_domain="global" view="Default view">bf969f3bc30d4210c9bcbe2bb0013107</sys_ui_section>
            <sys_updated_by>earl.duque</sys_updated_by>
            <sys_updated_on>2024-03-27 04:45:23</sys_updated_on>
            <sys_user/>
            <type/>
        </sys_ui_element>
        <sys_ui_element action="INSERT_OR_UPDATE">
            <element>user_login</element>
            <position>2</position>
            <sys_created_by>earl.duque</sys_created_by>
            <sys_created_on>2024-03-27 04:45:23</sys_created_on>
            <sys_id>3b96137bc30d4210c9bcbe2bb0013126</sys_id>
            <sys_mod_count>0</sys_mod_count>
            <sys_ui_formatter/>
            <sys_ui_section caption="NULL" display_value="" name="x_snc_sndp_twitch_presence" sys_domain="global" view="Default view">bf969f3bc30d4210c9bcbe2bb0013107</sys_ui_section>
            <sys_updated_by>earl.duque</sys_updated_by>
            <sys_updated_on>2024-03-27 04:45:23</sys_updated_on>
            <sys_user/>
            <type/>
        </sys_ui_element>
        <sys_ui_element action="INSERT_OR_UPDATE">
            <element>.split</element>
            <position>3</position>
            <sys_created_by>earl.duque</sys_created_by>
            <sys_created_on>2024-03-27 04:45:23</sys_created_on>
            <sys_id>bf96137bc30d4210c9bcbe2bb0013126</sys_id>
            <sys_mod_count>0</sys_mod_count>
            <sys_ui_formatter/>
            <sys_ui_section caption="NULL" display_value="" name="x_snc_sndp_twitch_presence" sys_domain="global" view="Default view">bf969f3bc30d4210c9bcbe2bb0013107</sys_ui_section>
            <sys_updated_by>earl.duque</sys_updated_by>
            <sys_updated_on>2024-03-27 04:45:23</sys_updated_on>
            <sys_user/>
            <type>.split</type>
        </sys_ui_element>
        <sys_ui_element action="INSERT_OR_UPDATE">
            <element>user_name</element>
            <position>4</position>
            <sys_created_by>earl.duque</sys_created_by>
            <sys_created_on>2024-03-27 04:45:23</sys_created_on>
            <sys_id>3796137bc30d4210c9bcbe2bb0013127</sys_id>
            <sys_mod_count>0</sys_mod_count>
            <sys_ui_formatter/>
            <sys_ui_section caption="NULL" display_value="" name="x_snc_sndp_twitch_presence" sys_domain="global" view="Default view">bf969f3bc30d4210c9bcbe2bb0013107</sys_ui_section>
            <sys_updated_by>earl.duque</sys_updated_by>
            <sys_updated_on>2024-03-27 04:45:23</sys_updated_on>
            <sys_user/>
            <type/>
        </sys_ui_element>
        <sys_ui_element action="INSERT_OR_UPDATE">
            <element>points</element>
            <position>5</position>
            <sys_created_by>earl.duque</sys_created_by>
            <sys_created_on>2024-03-27 04:45:23</sys_created_on>
            <sys_id>bb96137bc30d4210c9bcbe2bb0013127</sys_id>
            <sys_mod_count>0</sys_mod_count>
            <sys_ui_formatter/>
            <sys_ui_section caption="NULL" display_value="" name="x_snc_sndp_twitch_presence" sys_domain="global" view="Default view">bf969f3bc30d4210c9bcbe2bb0013107</sys_ui_section>
            <sys_updated_by>earl.duque</sys_updated_by>
            <sys_updated_on>2024-03-27 04:45:23</sys_updated_on>
            <sys_user/>
            <type/>
        </sys_ui_element>
        <sys_ui_element action="INSERT_OR_UPDATE">
            <element>.end_split</element>
            <position>6</position>
            <sys_created_by>earl.duque</sys_created_by>
            <sys_created_on>2024-03-27 04:45:23</sys_created_on>
            <sys_id>3396137bc30d4210c9bcbe2bb0013128</sys_id>
            <sys_mod_count>0</sys_mod_count>
            <sys_ui_formatter/>
            <sys_ui_section caption="NULL" display_value="" name="x_snc_sndp_twitch_presence" sys_domain="global" view="Default view">bf969f3bc30d4210c9bcbe2bb0013107</sys_ui_section>
            <sys_updated_by>earl.duque</sys_updated_by>
            <sys_updated_on>2024-03-27 04:45:23</sys_updated_on>
            <sys_user/>
            <type>.end_split</type>
        </sys_ui_element>
        <sys_ui_section action="INSERT_OR_UPDATE">
            <caption/>
            <header>false</header>
            <name>x_snc_sndp_twitch_presence</name>
            <roles/>
            <sys_class_name>sys_ui_section</sys_class_name>
            <sys_created_by>earl.duque</sys_created_by>
            <sys_created_on>2024-03-27 04:45:23</sys_created_on>
            <sys_domain>global</sys_domain>
            <sys_domain_path>/</sys_domain_path>
            <sys_id>bf969f3bc30d4210c9bcbe2bb0013107</sys_id>
            <sys_mod_count>0</sys_mod_count>
            <sys_name>x_snc_sndp_twitch_presence</sys_name>
            <sys_overrides/>
            <sys_package display_value="sndp-twitch" source="x_snc_sndp_twitch">a6e509aec341c650c9bcbe2bb001319c</sys_package>
            <sys_policy/>
            <sys_scope display_value="sndp-twitch">a6e509aec341c650c9bcbe2bb001319c</sys_scope>
            <sys_update_name>sys_ui_section_bf969f3bc30d4210c9bcbe2bb0013107</sys_update_name>
            <sys_updated_by>earl.duque</sys_updated_by>
            <sys_updated_on>2024-03-27 04:45:23</sys_updated_on>
            <sys_user/>
            <title>true</title>
            <view display_value="Default view" name="NULL">Default view</view>
            <view_name/>
        </sys_ui_section>
    </sys_ui_section>
</record_update>
