<?xml version="1.0" encoding="UTF-8"?><record_update>
    <sys_documentation element="user_login" label="User Login" language="en" table="x_snc_sndp_twitch_presence">
        <sys_documentation action="INSERT_OR_UPDATE">
            <element>user_login</element>
            <help/>
            <hint/>
            <label>User Login</label>
            <language>en</language>
            <name>x_snc_sndp_twitch_presence</name>
            <plural>User Logins</plural>
            <sys_class_name>sys_documentation</sys_class_name>
            <sys_created_by>earl.duque</sys_created_by>
            <sys_created_on>2024-03-22 21:30:41</sys_created_on>
            <sys_id>8dcccd66c381c650c9bcbe2bb001319d</sys_id>
            <sys_mod_count>0</sys_mod_count>
            <sys_name>User Login</sys_name>
            <sys_package display_value="servicenowdevprogram twitch" source="x_snc_sndp_twitch">a6e509aec341c650c9bcbe2bb001319c</sys_package>
            <sys_policy/>
            <sys_scope display_value="servicenowdevprogram twitch">a6e509aec341c650c9bcbe2bb001319c</sys_scope>
            <sys_update_name>sys_documentation_x_snc_sndp_twitch_presence_user_login_en</sys_update_name>
            <sys_updated_by>earl.duque</sys_updated_by>
            <sys_updated_on>2024-03-22 21:30:41</sys_updated_on>
            <url/>
            <url_target/>
        </sys_documentation>
    </sys_documentation>
</record_update>
