<?xml version="1.0" encoding="UTF-8"?><record_update table="sys_db_object">
    <sys_db_object action="INSERT_OR_UPDATE">
        <access>public</access>
        <actions_access>false</actions_access>
        <alter_access>false</alter_access>
        <caller_access/>
        <client_scripts_access>false</client_scripts_access>
        <configuration_access>false</configuration_access>
        <create_access>false</create_access>
        <create_access_controls>true</create_access_controls>
        <delete_access>false</delete_access>
        <is_extendable>false</is_extendable>
        <label>Presence</label>
        <live_feed_enabled>false</live_feed_enabled>
        <name>x_snc_sndp_twitch_presence</name>
        <number_ref/>
        <provider_class/>
        <read_access>true</read_access>
        <scriptable_table>false</scriptable_table>
        <super_class/>
        <sys_class_name>sys_db_object</sys_class_name>
        <sys_created_by>earl.duque</sys_created_by>
        <sys_created_on>2024-03-22 21:19:21</sys_created_on>
        <sys_id>fab90da2c381c650c9bcbe2bb0013191</sys_id>
        <sys_mod_count>0</sys_mod_count>
        <sys_name>Presence</sys_name>
        <sys_package display_value="servicenowdevprogram twitch" source="x_snc_sndp_twitch">a6e509aec341c650c9bcbe2bb001319c</sys_package>
        <sys_policy/>
        <sys_scope display_value="servicenowdevprogram twitch">a6e509aec341c650c9bcbe2bb001319c</sys_scope>
        <sys_update_name>sys_db_object_fab90da2c381c650c9bcbe2bb0013191</sys_update_name>
        <sys_updated_by>earl.duque</sys_updated_by>
        <sys_updated_on>2024-03-22 21:19:21</sys_updated_on>
        <update_access>false</update_access>
        <user_role display_value="x_snc_sndp_twitch.presence_user" name="x_snc_sndp_twitch.presence_user">c32a89a2c381c650c9bcbe2bb00131e8</user_role>
        <ws_access>true</ws_access>
    </sys_db_object>
</record_update>
