<?xml version="1.0" encoding="UTF-8"?><record_update table="sys_security_acl">
    <sys_security_acl action="INSERT_OR_UPDATE">
        <active>true</active>
        <admin_overrides>true</admin_overrides>
        <advanced>true</advanced>
        <condition/>
        <description>Default access control on x_snc_sndp_twitch_presence</description>
        <local_or_existing>Local</local_or_existing>
        <name>x_snc_sndp_twitch_presence</name>
        <operation display_value="delete">delete</operation>
        <script/>
        <security_attribute/>
        <sys_class_name>sys_security_acl</sys_class_name>
        <sys_created_by>earl.duque</sys_created_by>
        <sys_created_on>2024-03-22 21:19:21</sys_created_on>
        <sys_id>c72ac1e2c381c650c9bcbe2bb00131a8</sys_id>
        <sys_mod_count>0</sys_mod_count>
        <sys_name>x_snc_sndp_twitch_presence</sys_name>
        <sys_package display_value="servicenowdevprogram twitch" source="x_snc_sndp_twitch">a6e509aec341c650c9bcbe2bb001319c</sys_package>
        <sys_policy/>
        <sys_scope display_value="servicenowdevprogram twitch">a6e509aec341c650c9bcbe2bb001319c</sys_scope>
        <sys_update_name>sys_security_acl_c72ac1e2c381c650c9bcbe2bb00131a8</sys_update_name>
        <sys_updated_by>earl.duque</sys_updated_by>
        <sys_updated_on>2024-03-22 21:19:21</sys_updated_on>
        <type display_value="record">record</type>
    </sys_security_acl>
</record_update>
