<?xml version="1.0" encoding="UTF-8"?><record_update>
    <sys_ui_list parent="" relationship="" sys_domain="global" table="x_snc_sndp_twitch_presence" version="2" view="">
        <sys_ui_list_element action="INSERT_OR_UPDATE">
            <average_value>false</average_value>
            <element>user_name</element>
            <list_id display_value="x_snc_sndp_twitch_presence" element="NULL" name="x_snc_sndp_twitch_presence" parent="NULL" relationship="NULL" sys_domain="global" view="Default view">101e002fc30d8a50c9bcbe2bb00131c9</list_id>
            <max_value>false</max_value>
            <min_value>false</min_value>
            <position>0</position>
            <sum>false</sum>
            <sys_created_by>earl.duque</sys_created_by>
            <sys_created_on>2024-03-25 19:30:40</sys_created_on>
            <sys_id>981e002fc30d8a50c9bcbe2bb00131c9</sys_id>
            <sys_mod_count>0</sys_mod_count>
            <sys_updated_by>earl.duque</sys_updated_by>
            <sys_updated_on>2024-03-25 19:30:40</sys_updated_on>
        </sys_ui_list_element>
        <sys_ui_list_element action="INSERT_OR_UPDATE">
            <average_value>false</average_value>
            <element>user_id</element>
            <list_id display_value="x_snc_sndp_twitch_presence" element="NULL" name="x_snc_sndp_twitch_presence" parent="NULL" relationship="NULL" sys_domain="global" view="Default view">101e002fc30d8a50c9bcbe2bb00131c9</list_id>
            <max_value>false</max_value>
            <min_value>false</min_value>
            <position>1</position>
            <sum>false</sum>
            <sys_created_by>earl.duque</sys_created_by>
            <sys_created_on>2024-03-25 19:30:40</sys_created_on>
            <sys_id>9c1e002fc30d8a50c9bcbe2bb00131c9</sys_id>
            <sys_mod_count>0</sys_mod_count>
            <sys_updated_by>earl.duque</sys_updated_by>
            <sys_updated_on>2024-03-25 19:30:40</sys_updated_on>
        </sys_ui_list_element>
        <sys_ui_list_element action="INSERT_OR_UPDATE">
            <average_value>false</average_value>
            <element>user_login</element>
            <list_id display_value="x_snc_sndp_twitch_presence" element="NULL" name="x_snc_sndp_twitch_presence" parent="NULL" relationship="NULL" sys_domain="global" view="Default view">101e002fc30d8a50c9bcbe2bb00131c9</list_id>
            <max_value>false</max_value>
            <min_value>false</min_value>
            <position>2</position>
            <sum>false</sum>
            <sys_created_by>earl.duque</sys_created_by>
            <sys_created_on>2024-03-25 19:30:40</sys_created_on>
            <sys_id>901e002fc30d8a50c9bcbe2bb00131ca</sys_id>
            <sys_mod_count>0</sys_mod_count>
            <sys_updated_by>earl.duque</sys_updated_by>
            <sys_updated_on>2024-03-25 19:30:40</sys_updated_on>
        </sys_ui_list_element>
        <sys_ui_list_element action="INSERT_OR_UPDATE">
            <average_value>false</average_value>
            <element>sys_created_on</element>
            <list_id display_value="x_snc_sndp_twitch_presence" element="NULL" name="x_snc_sndp_twitch_presence" parent="NULL" relationship="NULL" sys_domain="global" view="Default view">101e002fc30d8a50c9bcbe2bb00131c9</list_id>
            <max_value>false</max_value>
            <min_value>false</min_value>
            <position>3</position>
            <sum>false</sum>
            <sys_created_by>earl.duque</sys_created_by>
            <sys_created_on>2024-03-25 19:30:40</sys_created_on>
            <sys_id>941e002fc30d8a50c9bcbe2bb00131ca</sys_id>
            <sys_mod_count>0</sys_mod_count>
            <sys_updated_by>earl.duque</sys_updated_by>
            <sys_updated_on>2024-03-25 19:30:40</sys_updated_on>
        </sys_ui_list_element>
        <sys_ui_list_element action="INSERT_OR_UPDATE">
            <average_value>false</average_value>
            <element>sys_updated_on</element>
            <list_id display_value="x_snc_sndp_twitch_presence" element="NULL" name="x_snc_sndp_twitch_presence" parent="NULL" relationship="NULL" sys_domain="global" view="Default view">101e002fc30d8a50c9bcbe2bb00131c9</list_id>
            <max_value>false</max_value>
            <min_value>false</min_value>
            <position>4</position>
            <sum>false</sum>
            <sys_created_by>earl.duque</sys_created_by>
            <sys_created_on>2024-03-25 19:30:40</sys_created_on>
            <sys_id>981e002fc30d8a50c9bcbe2bb00131ca</sys_id>
            <sys_mod_count>0</sys_mod_count>
            <sys_updated_by>earl.duque</sys_updated_by>
            <sys_updated_on>2024-03-25 19:30:40</sys_updated_on>
        </sys_ui_list_element>
        <sys_ui_list action="INSERT_OR_UPDATE">
            <average_value>false</average_value>
            <element/>
            <max_value>false</max_value>
            <min_value>false</min_value>
            <name>x_snc_sndp_twitch_presence</name>
            <parent/>
            <position/>
            <relationship/>
            <sum>false</sum>
            <sys_class_name>sys_ui_list</sys_class_name>
            <sys_created_by>earl.duque</sys_created_by>
            <sys_created_on>2024-03-25 19:30:40</sys_created_on>
            <sys_domain>global</sys_domain>
            <sys_domain_path>/</sys_domain_path>
            <sys_id>101e002fc30d8a50c9bcbe2bb00131c9</sys_id>
            <sys_mod_count>0</sys_mod_count>
            <sys_name>x_snc_sndp_twitch_presence</sys_name>
            <sys_package display_value="servicenowdevprogram twitch" source="x_snc_sndp_twitch">a6e509aec341c650c9bcbe2bb001319c</sys_package>
            <sys_policy/>
            <sys_scope display_value="servicenowdevprogram twitch">a6e509aec341c650c9bcbe2bb001319c</sys_scope>
            <sys_update_name>sys_ui_list_x_snc_sndp_twitch_presence_null</sys_update_name>
            <sys_updated_by>earl.duque</sys_updated_by>
            <sys_updated_on>2024-03-25 19:30:40</sys_updated_on>
            <sys_user/>
            <view display_value="Default view" name="NULL">Default view</view>
            <view_name/>
        </sys_ui_list>
    </sys_ui_list>
</record_update>
